Anime Name,Predicted_Score,Mean_Score,Type,Year,Source
Aozora to Kumorizora,41.59,76.0,MANGA,,OTHER
Aozora to Kumorizora,41.59,76.0,MANGA,,OTHER
Happiness,41.37,73.0,MANGA,,ORIGINAL
Paradise Kiss,41.08,81.0,MANGA,,ORIGINAL
DEATH NOTE,40.97,84.0,MANGA,,ORIGINAL
Majin Tantei Nougami Neuro,40.88,77.0,MANGA,,ORIGINAL
"Mata, Onaji Yume wo Miteita",40.85,83.0,MANGA,,OTHER
Watashitachi no Shiawase na Jikan,40.85,81.0,MANGA,,OTHER
Higurashi no Naku Koro ni: Watanagashi-hen,40.85,76.0,MANGA,,VISUAL_NOVEL
Spy no Tsuma,40.85,74.0,MANGA,,OTHER
Agyeogui Ending Jugeumppun,40.85,83.0,MANGA,,OTHER
Spy no Tsuma,40.85,74.0,MANGA,,OTHER
"Mata, Onaji Yume wo Miteita",40.85,83.0,MANGA,,OTHER
Agyeogui Ending Jugeumppun,40.85,83.0,MANGA,,OTHER
Tomodachi Game,40.77,82.0,MANGA,,ORIGINAL
Mondaiteiki Sakuhinshuu,40.77,72.0,MANGA,,ORIGINAL
Haruman Nega Doego Sipeo,40.77,81.0,MANGA,,ORIGINAL
Otoyomegatari,40.77,85.0,MANGA,,ORIGINAL
Ichinose-ke no Taizai,40.77,67.0,MANGA,,ORIGINAL
Koko wa Ima kara Rinri desu.,40.77,81.0,MANGA,,ORIGINAL
Fool Night,40.77,78.0,MANGA,,ORIGINAL
Sachi-iro no One Room,40.77,78.0,MANGA,,ORIGINAL
Nijigahara Holograph,40.77,72.0,MANGA,,ORIGINAL
Marie no Kanaderu Ongaku,40.77,78.0,MANGA,,ORIGINAL
BLUE GIANT,40.77,84.0,MANGA,,ORIGINAL
Double,40.77,84.0,MANGA,,ORIGINAL
Kubikiri Cycle: Aoiro Savant to Zaregotozukai,40.77,77.0,ANIME,2016.0,LIGHT_NOVEL
Full Moon wo Sagashite,40.77,76.0,MANGA,,ORIGINAL
Hibari no Asa,40.77,77.0,MANGA,,ORIGINAL
Dian Jiao Zhangwang,40.77,85.0,MANGA,,ORIGINAL
Himitsu: Top Secret,40.77,83.0,MANGA,,ORIGINAL
Fool Night,40.77,78.0,MANGA,,ORIGINAL
Chi.: Chikyuu no Undou ni Tsuite,40.77,77.0,MANGA,,ORIGINAL
2001-ya Monogatari,40.77,73.0,MANGA,,ORIGINAL
Tokyo Kaido,40.77,72.0,MANGA,,ORIGINAL
Aku no Hana,40.77,81.0,MANGA,,ORIGINAL
BLUE GIANT SUPREME,40.77,82.0,MANGA,,ORIGINAL
Look Back,40.77,82.0,MANGA,,ORIGINAL
Kaijuu no Kodomo,40.77,79.0,MANGA,,ORIGINAL
SANDA,40.77,68.0,MANGA,,ORIGINAL
Hurejasik,40.77,84.0,MANGA,,ORIGINAL
BEASTARS,40.77,81.0,MANGA,,ORIGINAL
Billy Bat,40.77,84.0,MANGA,,ORIGINAL
Chi no Wadachi,40.77,79.0,MANGA,,ORIGINAL
Homunculus,40.77,83.0,MANGA,,ORIGINAL
Innocent,40.77,81.0,MANGA,,ORIGINAL
Innocent Rouge,40.77,84.0,MANGA,,ORIGINAL
Kasane,40.77,77.0,MANGA,,ORIGINAL
Koe no Katachi,40.77,87.0,MANGA,,ORIGINAL
LIAR GAME,40.77,79.0,MANGA,,ORIGINAL
Mikkakan no Koufuku,40.77,89.0,MANGA,,ORIGINAL
Real,40.77,89.0,MANGA,,ORIGINAL
Solanin,40.77,80.0,MANGA,,ORIGINAL
Sweet Home,40.77,82.0,MANGA,,ORIGINAL
Umibe no Onnanoko,40.77,69.0,MANGA,,ORIGINAL
Neoege Hago Sipeun Mal,40.77,78.0,MANGA,,ORIGINAL
Aku no Hana,40.77,81.0,MANGA,,ORIGINAL
Dr. Frost,40.77,79.0,MANGA,,ORIGINAL
Bulpyeonhan Jinsil,40.77,79.0,MANGA,,ORIGINAL
Shounen no Abyss,40.77,71.0,MANGA,,ORIGINAL
Agui Kkot,40.77,68.0,MANGA,,ORIGINAL
Shinai naru Boku e Satsui wo Komete,40.77,81.0,MANGA,,ORIGINAL
Boku wa Mari no Naka,40.77,74.0,MANGA,,ORIGINAL
Umibe no Onnanoko,40.77,69.0,MANGA,,ORIGINAL
Neko ga Nishi Mukya,40.77,74.0,MANGA,,ORIGINAL
Nijigahara Holograph,40.77,72.0,MANGA,,ORIGINAL
Majo,40.77,71.0,MANGA,,ORIGINAL
Majo,40.77,71.0,MANGA,,ORIGINAL
Shounen no Abyss,40.77,71.0,MANGA,,ORIGINAL
Tokyo Kaido,40.77,72.0,MANGA,,ORIGINAL
Look Back,40.77,82.0,MANGA,,ORIGINAL
Hibari no Asa,40.77,77.0,MANGA,,ORIGINAL
Double,40.77,84.0,MANGA,,ORIGINAL
Agui Kkot,40.77,68.0,MANGA,,ORIGINAL
Marie no Kanaderu Ongaku,40.77,78.0,MANGA,,ORIGINAL
Full Moon wo Sagashite,40.77,76.0,MANGA,,ORIGINAL
Neko ga Nishi Mukya,40.77,74.0,MANGA,,ORIGINAL
Nijigahara Holograph,40.77,72.0,MANGA,,ORIGINAL
2001-ya Monogatari,40.77,73.0,MANGA,,ORIGINAL
Koko wa Ima kara Rinri desu.,40.77,81.0,MANGA,,ORIGINAL
Kaijuu no Kodomo,40.77,79.0,MANGA,,ORIGINAL
Haruman Nega Doego Sipeo,40.77,81.0,MANGA,,ORIGINAL
PLUTO,40.76,85.0,MANGA,,ORIGINAL
Platinum End,40.72,62.0,MANGA,,ORIGINAL
[Oshi no Ko],40.69,84.0,MANGA,,ORIGINAL
Takopii no Genzai,40.65,76.0,MANGA,,ORIGINAL
Takopii no Genzai,40.65,76.0,MANGA,,ORIGINAL
Takopii no Genzai,40.65,76.0,MANGA,,ORIGINAL
Steins;Gate,40.64,76.0,MANGA,,VISUAL_NOVEL
Ai ni Iku yo,40.63,67.0,MANGA,,ORIGINAL
W's,40.63,57.0,MANGA,,ORIGINAL
Ai ni Iku yo,40.63,67.0,MANGA,,ORIGINAL
Monogatari Series: Off & Monster Season,40.62,,ANIME,,LIGHT_NOVEL
Ije God Chugseubnida,40.61,80.0,MANGA,,ORIGINAL
ALIENS AREA,40.6,55.0,MANGA,,ORIGINAL
Mortal Commando GUY,40.6,,MANGA,,ORIGINAL
AR∀GO,40.6,69.0,MANGA,,ORIGINAL
Toujuushi Bestiarius,40.6,71.0,MANGA,,ORIGINAL
Time Paradox Ghostwriter,40.56,60.0,MANGA,,ORIGINAL
Time Paradox Ghostwriter,40.56,60.0,MANGA,,ORIGINAL
Kara no Kyoukai: Mirai Fukuin,40.43,78.0,ANIME,2013.0,LIGHT_NOVEL
Suzumiya Haruhi no Shoushitsu,40.43,86.0,ANIME,2010.0,LIGHT_NOVEL
Umi ga Kikoeru,40.36,63.0,ANIME,1993.0,OTHER
Ginga Eiyuu Densetsu,40.36,88.0,ANIME,1988.0,OTHER
Umi ga Kikoeru,40.36,63.0,ANIME,1993.0,OTHER
Ningen Shikkaku,40.34,78.0,MANGA,,OTHER
Ningen Shikkaku,40.34,78.0,MANGA,,OTHER
Bakemonogatari,40.32,83.0,MANGA,,LIGHT_NOVEL
Koisuru Kiseichuu,40.32,74.0,MANGA,,LIGHT_NOVEL
All You Need Is Kill,40.32,74.0,MANGA,,LIGHT_NOVEL
Koisuru Kiseichuu,40.32,74.0,MANGA,,LIGHT_NOVEL
All You Need Is Kill,40.32,74.0,MANGA,,LIGHT_NOVEL
euphoria,40.29,53.0,ANIME,2011.0,VISUAL_NOVEL
20 Seiki Shounen,40.28,88.0,MANGA,,ORIGINAL
20 Seiki Shounen,40.28,88.0,MANGA,,ORIGINAL
Mushishi,40.26,85.0,MANGA,,ORIGINAL
ib: Instant Bullet,40.26,72.0,MANGA,,ORIGINAL
Haunted House,40.26,62.0,MANGA,,ORIGINAL
RAINBOW: Nisha Rokubou no Shichinin,40.26,84.0,MANGA,,ORIGINAL
Ore to Akuma no Blues,40.26,80.0,MANGA,,ORIGINAL
Fuuko no Iru Mise,40.26,66.0,MANGA,,ORIGINAL
ib: Instant Bullet,40.26,72.0,MANGA,,ORIGINAL
Hito Hitori Futari,40.26,75.0,MANGA,,ORIGINAL
Fuuko no Iru Mise,40.26,66.0,MANGA,,ORIGINAL
ES: Eternal Sabbath,40.26,74.0,MANGA,,ORIGINAL
Petshop of Horrors,40.26,78.0,MANGA,,ORIGINAL
Petshop of Horrors,40.26,78.0,MANGA,,ORIGINAL
Ultra Heaven,40.26,80.0,MANGA,,ORIGINAL
Haunted House,40.26,62.0,MANGA,,ORIGINAL
Suiiki,40.26,75.0,MANGA,,ORIGINAL
Tian Guan Ci Fu,40.23,84.0,ANIME,,OTHER
Tenshi no Tamago,40.18,76.0,ANIME,1985.0,ORIGINAL
Hotaru no Haka,40.17,82.0,ANIME,1988.0,OTHER
Hotaru no Haka,40.17,82.0,ANIME,1988.0,OTHER
PERFECT BLUE,40.17,85.0,ANIME,1998.0,OTHER
PERFECT BLUE,40.17,85.0,ANIME,1998.0,OTHER
PERFECT BLUE,40.17,85.0,ANIME,1998.0,OTHER
Kimi no Suizou wo Tabetai,40.13,84.0,ANIME,2018.0,OTHER
Kimi no Suizou wo Tabetai,40.13,84.0,ANIME,2018.0,OTHER
Colorful,40.1,74.0,ANIME,2010.0,OTHER
Colorful,40.1,74.0,ANIME,2010.0,OTHER
Umineko no Naku Koro ni Episode 1: Legend of the Golden Witch,40.03,74.0,MANGA,,VISUAL_NOVEL
Dugeundugeun Dugeungeoryeo,40.03,74.0,MANGA,,
Princess Lucia,40.03,65.0,MANGA,,
OPUS,40.01,75.0,MANGA,,ORIGINAL
Sousou no Frieren,40.01,85.0,MANGA,,ORIGINAL
Tongari Boushi no Atelier,40.01,86.0,MANGA,,ORIGINAL
Tian Guan Ci Fu,40.01,89.0,MANGA,,OTHER
Sousou no Frieren,40.01,85.0,MANGA,,ORIGINAL
Tongari Boushi no Atelier,40.01,86.0,MANGA,,ORIGINAL
OPUS,40.01,75.0,MANGA,,ORIGINAL
Bibliomania,40.01,78.0,MANGA,,ORIGINAL
Reiri,40.01,75.0,MANGA,,ORIGINAL
Shoujo Shuumatsu Ryokou,40.01,86.0,MANGA,,ORIGINAL
Bibliomania,40.01,78.0,MANGA,,ORIGINAL
Historie,40.01,81.0,MANGA,,ORIGINAL
Dungeon Meshi,40.01,85.0,MANGA,,ORIGINAL
ARIA,40.01,86.0,MANGA,,ORIGINAL
Reiri,40.01,75.0,MANGA,,ORIGINAL
Mogi Jeonjaeng,39.99,73.0,MANGA,,ORIGINAL
Mogi Jeonjaeng,39.99,73.0,MANGA,,ORIGINAL
Sakigake!! Cromartie Koukou,39.95,78.0,MANGA,,ORIGINAL
Boss-ui Sunjeong,39.95,72.0,MANGA,,ORIGINAL
Koibumi Biyori,39.95,69.0,MANGA,,ORIGINAL
God of Bath,39.95,72.0,MANGA,,ORIGINAL
Suzuka,39.95,73.0,MANGA,,ORIGINAL
Enidewi,39.95,73.0,MANGA,,ORIGINAL
Megami no Café Terrace,39.95,73.0,MANGA,,ORIGINAL
Cross Over,39.95,63.0,MANGA,,ORIGINAL
Hitman,39.95,69.0,MANGA,,ORIGINAL
Bowling King,39.95,68.0,MANGA,,ORIGINAL
Sayonara no Asa ni Yakusoku no Hana wo Kazarou,39.95,82.0,ANIME,2018.0,ORIGINAL
Nekomonogatari: Shiro,39.95,89.0,MANGA,,ORIGINAL
Dinosan,39.95,74.0,MANGA,,ORIGINAL
Dinosan,39.95,74.0,MANGA,,ORIGINAL
Sayonara no Asa ni Yakusoku no Hana wo Kazarou,39.95,82.0,ANIME,2018.0,ORIGINAL
Dinosan,39.95,74.0,MANGA,,ORIGINAL
Kokoro ga Sakebitagatterun da.,39.95,76.0,ANIME,2015.0,ORIGINAL
SLAM DUNK,39.95,89.0,MANGA,,ORIGINAL
Enidewi,39.95,73.0,MANGA,,ORIGINAL
"Kamo no Negi Niwa Doku ga Aru: Kamo Kyouju no ""Ningen"" Keizaigaku Kougi",39.95,92.0,MANGA,,ORIGINAL
Kaguya-sama wa Kokurasetai: Tensaitachi no Renai Zunousen,39.95,88.0,MANGA,,ORIGINAL
Kaoru Hana wa Rin to Saku,39.95,85.0,MANGA,,ORIGINAL
"Kamo no Negi Niwa Doku ga Aru: Kamo Kyouju no ""Ningen"" Keizaigaku Kougi",39.95,92.0,MANGA,,ORIGINAL
Koi to Yobu ni wa Kimochi Warui,39.95,70.0,MANGA,,ORIGINAL
Koibumi Biyori,39.95,69.0,MANGA,,ORIGINAL
Segimal Putsagwa Boseupagwon,39.95,88.0,MANGA,,ORIGINAL
Segimal Putsagwa Boseupagwon,39.95,88.0,MANGA,,ORIGINAL
Kaoru Hana wa Rin to Saku,39.95,85.0,MANGA,,ORIGINAL
Seraphim: 2-Oku 6661-Man 3336 no Tsubasa,39.92,68.0,MANGA,,
Death Billiards,39.92,77.0,ANIME,2013.0,ORIGINAL
Ookami Kodomo no Ame to Yuki,39.92,83.0,ANIME,2012.0,ORIGINAL
Mahou Shoujo Madoka☆Magica: Hangyaku no Monogatari,39.92,83.0,ANIME,2013.0,ORIGINAL
Seraphim: 2-Oku 6661-Man 3336 no Tsubasa,39.92,68.0,MANGA,,
#DRCL midnight children,39.9,73.0,MANGA,,OTHER
#DRCL midnight children,39.9,73.0,MANGA,,OTHER
Modao Zushi,39.87,82.0,ANIME,,OTHER
Terra e...,39.87,73.0,MANGA,,ORIGINAL
Quanzhi Gaoshou,39.87,75.0,ANIME,,OTHER
Denpa Onna to Seishun Otoko: Mayonaka no Taiyou,39.83,70.0,ANIME,2012.0,LIGHT_NOVEL
Vampire in the Garden,39.81,70.0,ANIME,2022.0,ORIGINAL
Ssaumdokak,39.8,80.0,MANGA,,ORIGINAL
MOONRISE,39.8,,ANIME,,ORIGINAL
Cossette no Shouzou,39.79,65.0,ANIME,2004.0,ORIGINAL
Sperman,39.78,66.0,MANGA,,
Buggeomjeongi,39.78,85.0,MANGA,,OTHER
Dogul Wang,39.78,74.0,MANGA,,OTHER
Na Honjaman Level Up,39.78,85.0,MANGA,,OTHER
Cossette no Shouzou,39.78,65.0,MANGA,,OTHER
Cossette no Shouzou,39.78,65.0,MANGA,,OTHER
"Hero Co., Ltd.",39.78,58.0,MANGA,,
Wolf's Rain,39.78,66.0,MANGA,,OTHER
Shin Seiki Evangelion,39.78,84.0,MANGA,,OTHER
Majuchyeotda,39.75,65.0,MANGA,,ORIGINAL
Zom 100: Zombie ni Naru Made ni Shitai 100 no Koto,39.73,75.0,MANGA,,ORIGINAL
Carnivorous Princess Yegrinna,39.7,68.0,MANGA,,ORIGINAL
GREEN BLOOD,39.7,74.0,MANGA,,ORIGINAL
Houseki no Kuni,39.7,89.0,MANGA,,ORIGINAL
Holyland,39.7,82.0,MANGA,,ORIGINAL
Hikaru ga Shinda Natsu,39.7,80.0,MANGA,,ORIGINAL
The Breaker,39.7,81.0,MANGA,,ORIGINAL
GTO,39.7,87.0,MANGA,,ORIGINAL
Iphagyongbyeong,39.7,81.0,MANGA,,ORIGINAL
Dorohedoro,39.7,86.0,MANGA,,ORIGINAL
Versus,39.7,71.0,MANGA,,ORIGINAL
Jigokusei Remina,39.7,69.0,MANGA,,ORIGINAL
Choujin X,39.7,73.0,MANGA,,ORIGINAL
Gon,39.7,71.0,MANGA,,ORIGINAL
CLAYMORE,39.7,80.0,MANGA,,ORIGINAL
Yeopchongsonyeon,39.7,78.0,MANGA,,ORIGINAL
Mugen no Juunin,39.7,83.0,MANGA,,ORIGINAL
Akumetsu,39.7,78.0,MANGA,,ORIGINAL
Simhaesu,39.7,82.0,MANGA,,ORIGINAL
Wind Breaker,39.7,86.0,MANGA,,ORIGINAL
Hellper 2: Killberos,39.7,78.0,MANGA,,ORIGINAL
Jagaaaaaan,39.7,73.0,MANGA,,ORIGINAL
Sambong Barber Shop,39.7,66.0,MANGA,,ORIGINAL
Shoot!,39.7,67.0,MANGA,,ORIGINAL
The Boxer,39.7,84.0,MANGA,,ORIGINAL
Vinland Saga,39.7,90.0,MANGA,,ORIGINAL
Utsuro no Hako to Zero no Maria,39.7,85.0,MANGA,,ORIGINAL
Oemojisangjuui,39.7,79.0,MANGA,,ORIGINAL
DICE,39.7,67.0,MANGA,,ORIGINAL
Tokyo Ghoul,39.7,84.0,MANGA,,ORIGINAL
Sun-Ken Rock,39.7,76.0,MANGA,,ORIGINAL
SAKAMOTO DAYS,39.7,80.0,MANGA,,ORIGINAL
Shingeki no Kyojin,39.7,84.0,MANGA,,ORIGINAL
Eleceed,39.7,86.0,MANGA,,ORIGINAL
Bakemonogatari,39.7,87.0,MANGA,,ORIGINAL
Mob Psycho 100,39.7,85.0,MANGA,,ORIGINAL
Kingdom,39.7,89.0,MANGA,,ORIGINAL
Gon,39.7,71.0,MANGA,,ORIGINAL
Masuraou,39.7,64.0,MANGA,,ORIGINAL
Hikaru ga Shinda Natsu,39.7,80.0,MANGA,,ORIGINAL
World Apartment Horror,39.7,65.0,MANGA,,ORIGINAL
Ad Astra: Scipio to Hannibal,39.7,77.0,MANGA,,ORIGINAL
Kaikisen,39.7,64.0,MANGA,,ORIGINAL
Magi,39.7,81.0,MANGA,,ORIGINAL
SIDOOH,39.7,75.0,MANGA,,ORIGINAL
Eden: It's an Endless World!,39.7,80.0,MANGA,,ORIGINAL
All Rounder Meguru,39.7,75.0,MANGA,,ORIGINAL
Trigun Maximum,39.7,81.0,MANGA,,ORIGINAL
Choujin X,39.7,73.0,MANGA,,ORIGINAL
Deadman Wonderland,39.7,74.0,MANGA,,ORIGINAL
Yoku Oni,39.7,71.0,MANGA,,ORIGINAL
World Apartment Horror,39.7,65.0,MANGA,,ORIGINAL
Kaikisen,39.7,64.0,MANGA,,ORIGINAL
Yoku Oni,39.7,71.0,MANGA,,ORIGINAL
Gakkou Gurashi!,39.7,78.0,MANGA,,ORIGINAL
Rakuen no Bijo to Yajuu,39.7,61.0,MANGA,,ORIGINAL
Usogui,39.7,86.0,MANGA,,ORIGINAL
NeuN,39.7,72.0,MANGA,,ORIGINAL
Origin,39.7,74.0,MANGA,,ORIGINAL
BLACK BIRD,39.7,68.0,MANGA,,ORIGINAL
Sennen Joyuu,39.7,81.0,ANIME,2002.0,ORIGINAL
Ansatsu Kyoushitsu,39.7,81.0,MANGA,,ORIGINAL
Nige Jouzu no Wakagimi,39.7,62.0,MANGA,,ORIGINAL
Jinmen,39.7,57.0,MANGA,,ORIGINAL
Rakuen no Bijo to Yajuu,39.7,61.0,MANGA,,ORIGINAL
Hellper,39.7,78.0,MANGA,,ORIGINAL
Hellper 2: Killberos,39.7,78.0,MANGA,,ORIGINAL
Niwatori Fighter,39.7,73.0,MANGA,,ORIGINAL
Bakuon Rettou,39.7,83.0,MANGA,,ORIGINAL
Fire Punch,39.7,78.0,MANGA,,ORIGINAL
OUT,39.7,79.0,MANGA,,ORIGINAL
Heureka,39.7,65.0,MANGA,,ORIGINAL
NARUTO Hiden Series,39.7,75.0,MANGA,,ORIGINAL
Angel Densetsu,39.7,80.0,MANGA,,ORIGINAL
NARUTO Hiden Series,39.7,75.0,MANGA,,ORIGINAL
GREEN BLOOD,39.7,74.0,MANGA,,ORIGINAL
Devilman,39.7,80.0,MANGA,,ORIGINAL
Jigoku no Alice,39.7,71.0,MANGA,,ORIGINAL
Dragon Ball,39.7,83.0,MANGA,,ORIGINAL
Jigoku no Alice,39.7,71.0,MANGA,,ORIGINAL
The Fable,39.7,84.0,MANGA,,ORIGINAL
ONE PIECE,39.7,91.0,MANGA,,ORIGINAL
Byousoku 5 Centimeter,39.65,72.0,ANIME,2007.0,ORIGINAL
After God,39.62,75.0,MANGA,,ORIGINAL
After God,39.62,75.0,MANGA,,ORIGINAL
Guwonhasoseo,39.61,77.0,MANGA,,ORIGINAL
Seishun Buta Yarou wa Yumemiru Shoujo no Yume wo Minai,39.59,84.0,ANIME,2019.0,LIGHT_NOVEL
Toki wo Kakeru Shoujo,39.57,78.0,ANIME,2006.0,OTHER
Ajin,39.56,79.0,MANGA,,ORIGINAL
Dragon Head,39.54,69.0,MANGA,,ORIGINAL
Jigokuraku,39.54,82.0,MANGA,,ORIGINAL
Kamisama no Iutoori Ni,39.54,76.0,MANGA,,ORIGINAL
GANTZ,39.54,77.0,MANGA,,ORIGINAL
NARUTO Gaiden: Uzu no Naka no Tsumujikaze,39.52,80.0,MANGA,,ORIGINAL
BEASTARS FINAL SEASON,39.52,,ANIME,,MANGA
NARUTO Gaiden: Uzu no Naka no Tsumujikaze,39.52,80.0,MANGA,,ORIGINAL
NARUTO Gaiden: Uzu no Naka no Tsumujikaze,39.52,80.0,MANGA,,ORIGINAL
Shingeki no Kyojin: LOST GIRLS,39.43,76.0,ANIME,2017.0,LIGHT_NOVEL
Majo no Takkyuubin,39.39,81.0,ANIME,1989.0,OTHER
Karigurashi no Arrietty,39.32,77.0,ANIME,2010.0,OTHER
Prison School,39.32,71.0,MANGA,,ORIGINAL
Karigurashi no Arrietty,39.32,77.0,ANIME,2010.0,OTHER
Nami yo Kiitekure,39.32,76.0,MANGA,,ORIGINAL
Wanitokagegisu,39.32,73.0,MANGA,,ORIGINAL
Curry naru Shokutaku,39.32,70.0,MANGA,,ORIGINAL
Wanitokagegisu,39.32,73.0,MANGA,,ORIGINAL
Bokutachi ga Yarimashita,39.32,79.0,MANGA,,ORIGINAL
Dead Dead Demon's Dededededestruction,39.32,82.0,MANGA,,ORIGINAL
Dead Dead Demon's Dededededestruction,39.32,82.0,MANGA,,ORIGINAL
Alice to Therese no Maboroshi Koujou,39.29,72.0,ANIME,2023.0,ORIGINAL
Tenki no Ko,39.29,81.0,ANIME,2019.0,ORIGINAL
Alice to Therese no Maboroshi Koujou,39.29,72.0,ANIME,2023.0,ORIGINAL
Alice to Therese no Maboroshi Koujou,39.29,72.0,ANIME,2023.0,ORIGINAL
Tenkuu no Shiro Laputa,39.21,80.0,ANIME,1986.0,ORIGINAL
Tenkuu no Shiro Laputa,39.21,80.0,ANIME,1986.0,ORIGINAL
Gake no Ue no Ponyo,39.2,79.0,ANIME,2008.0,ORIGINAL
Gake no Ue no Ponyo,39.2,79.0,ANIME,2008.0,ORIGINAL
Vampire Hunter D (2000),39.19,77.0,ANIME,2000.0,LIGHT_NOVEL
Vampire Hunter D (2000),39.19,77.0,ANIME,2000.0,LIGHT_NOVEL
Shingeki no Kyojin Gaiden: Kuinaki Sentaku,39.18,82.0,ANIME,2015.0,VISUAL_NOVEL
Kara no Kyoukai: Shuushou,39.15,70.0,ANIME,2011.0,OTHER
HIDEOUT,39.15,67.0,MANGA,,
HIDEOUT,39.15,67.0,MANGA,,
Grimm (Provisional Title),39.15,,ANIME,,
Niragi Kioumaru,39.15,66.0,MANGA,,
Fate/Grand Order: MOONLIGHT/LOSTROOM,39.13,61.0,ANIME,2017.0,VIDEO_GAME
Cyberpunk: Edgerunners,39.12,85.0,ANIME,2022.0,VIDEO_GAME
Fate/Grand Order CMs,39.1,73.0,ANIME,,VIDEO_GAME
Saenai Heroine no Sodatekata Fine,39.09,83.0,ANIME,2019.0,LIGHT_NOVEL
Beageruta,39.07,75.0,MANGA,,ORIGINAL
Sinui Tap,39.07,82.0,MANGA,,ORIGINAL
Blue Heaven,39.07,64.0,MANGA,,ORIGINAL
Makai no Ossan,39.07,68.0,MANGA,,ORIGINAL
Asadora!,39.07,76.0,MANGA,,ORIGINAL
Noblesse,39.07,77.0,MANGA,,ORIGINAL
Blue Heaven,39.07,64.0,MANGA,,ORIGINAL
The End,39.07,62.0,MANGA,,ORIGINAL
The End,39.07,62.0,MANGA,,ORIGINAL
One Outs,39.07,83.0,MANGA,,ORIGINAL
Harujan,39.07,78.0,MANGA,,ORIGINAL
Asadora!,39.07,76.0,MANGA,,ORIGINAL
Kiseijuu,39.07,82.0,MANGA,,ORIGINAL
Harujan,39.07,78.0,MANGA,,ORIGINAL
Freesia,39.07,77.0,MANGA,,ORIGINAL
Psycho no Sekai,39.07,68.0,MANGA,,ORIGINAL
Jiraishin,39.07,74.0,MANGA,,ORIGINAL
JoJo no Kimyou na Bouken: Steel Ball Run,39.07,92.0,MANGA,,ORIGINAL
Psycho no Sekai,39.07,68.0,MANGA,,ORIGINAL
Inuyashiki,39.07,73.0,MANGA,,ORIGINAL
Tobira wo Akete,39.03,53.0,ANIME,1986.0,OTHER
Howl no Ugoku Shiro,39.0,84.0,ANIME,2004.0,OTHER
Howl no Ugoku Shiro,39.0,84.0,ANIME,2004.0,OTHER
Uchuu Senkan Yamato 2199,38.97,80.0,ANIME,2012.0,ORIGINAL
Lycoris Recoil (Shinsaku Animation),38.97,,ANIME,,ORIGINAL
Fate/strange Fake: Whispers of Dawn,38.91,82.0,ANIME,2023.0,LIGHT_NOVEL
Fate/strange Fake: Whispers of Dawn,38.91,82.0,ANIME,2023.0,LIGHT_NOVEL
Maken X Another,38.9,59.0,MANGA,,VIDEO_GAME
Itou Junji: Maniac,38.89,65.0,ANIME,2023.0,MANGA
Tokyo Godfathers,38.87,81.0,ANIME,2003.0,ORIGINAL
Kara no Kyoukai: Boukyaku Rokuon,38.83,70.0,ANIME,2009.0,OTHER
Kara no Kyoukai: Satsujin Kousatsu (Kou),38.83,81.0,ANIME,2009.0,OTHER
Chi.: Chikyuu no Undou ni Tsuite,38.77,,ANIME,,MANGA
Kara no Kyoukai: Fukan Fuukei,38.75,73.0,ANIME,2007.0,OTHER
Youkoso Jitsuryoku Shijou Shugi no Kyoushitsu e,38.75,77.0,ANIME,2017.0,LIGHT_NOVEL
Violet Evergarden,38.74,85.0,ANIME,2018.0,LIGHT_NOVEL
GOSICK,38.71,77.0,ANIME,2011.0,LIGHT_NOVEL
Armitage III,38.68,65.0,ANIME,1995.0,ORIGINAL
REDLINE,38.65,81.0,ANIME,2009.0,ORIGINAL
Summer Wars,38.65,77.0,ANIME,2009.0,ORIGINAL
Summer Wars,38.65,77.0,ANIME,2009.0,ORIGINAL
REDLINE,38.65,81.0,ANIME,2009.0,ORIGINAL
180-byou de Kimi no Mimi wo Shiawase ni Dekiru ka?,38.64,49.0,ANIME,2021.0,ORIGINAL
Paprika,38.64,78.0,ANIME,2006.0,OTHER
Paprika,38.64,78.0,ANIME,2006.0,OTHER
Hotarubi no Mori e,38.58,79.0,ANIME,2011.0,MANGA
Kimitachi wa Dou Ikiru ka,38.51,77.0,ANIME,2023.0,ORIGINAL
Kimitachi wa Dou Ikiru ka,38.51,77.0,ANIME,2023.0,ORIGINAL
Suzume no Tojimari,38.51,83.0,ANIME,2022.0,ORIGINAL
Kimitachi wa Dou Ikiru ka,38.51,77.0,ANIME,2023.0,ORIGINAL
Robotics;Notes,38.49,70.0,ANIME,2012.0,VISUAL_NOVEL
Mononoke-hime,38.47,84.0,ANIME,1997.0,ORIGINAL
Yahari Ore no Seishun Love Come wa Machigatteiru. Zoku,38.44,81.0,ANIME,2015.0,LIGHT_NOVEL
Kaze ga Tsuyoku Fuiteiru,38.42,83.0,ANIME,2018.0,OTHER
Seishun Buta Yarou wa Bunny Girl Senpai no Yume wo Minai,38.41,80.0,ANIME,2018.0,LIGHT_NOVEL
Golden Time,38.41,75.0,ANIME,2013.0,LIGHT_NOVEL
Kokoro Connect,38.41,75.0,ANIME,2012.0,LIGHT_NOVEL
Yahari Ore no Seishun Love Come wa Machigatteiru.,38.41,78.0,ANIME,2013.0,LIGHT_NOVEL
Fate/Grand Order: Shinsei Entaku Ryouiki Camelot - Wandering; Agateram,38.4,67.0,ANIME,2020.0,VIDEO_GAME
FLCL,38.39,78.0,ANIME,2000.0,ORIGINAL
"Kanojo, Okarishimasu: Koushiki Anthology Comic",38.36,64.0,MANGA,,MANGA
water cube,38.36,59.0,MANGA,,MANGA
Fate/kaleid liner Prisma☆Illya,38.29,67.0,ANIME,2013.0,MANGA
Tsuki ga Kirei,38.24,79.0,ANIME,2017.0,ORIGINAL
Kara no Kyoukai: Satsujin Kousatsu (Zen),38.22,75.0,ANIME,2008.0,OTHER
Kara no Kyoukai: Garan no Dou,38.22,75.0,ANIME,2008.0,OTHER
Kara no Kyoukai: Mujun Rasen,38.22,84.0,ANIME,2008.0,OTHER
Shoujo Kakumei Utena,38.2,82.0,ANIME,1997.0,ORIGINAL
Shin Evangelion Movie:||,38.18,85.0,ANIME,2021.0,ORIGINAL
Bokutachi no Remake,38.18,72.0,ANIME,2021.0,LIGHT_NOVEL
Nagi no Asukara,38.17,77.0,ANIME,2013.0,ORIGINAL
Hige wo Soru. Soshite Joshikousei wo Hirou.,38.17,71.0,ANIME,2021.0,LIGHT_NOVEL
Kusuriya no Hitorigoto,38.16,87.0,ANIME,2023.0,LIGHT_NOVEL
Kusuriya no Hitorigoto,38.16,87.0,ANIME,2023.0,LIGHT_NOVEL
Kusuriya no Hitorigoto,38.16,87.0,ANIME,2023.0,LIGHT_NOVEL
Tokyo Magnitude 8.0,38.13,77.0,ANIME,2009.0,ORIGINAL
Yahari Ore no Seishun Love Come wa Machigatteiru. Kan,38.11,82.0,ANIME,2020.0,LIGHT_NOVEL
Toradora!,38.11,78.0,ANIME,2008.0,LIGHT_NOVEL
Stranger: Mukou Hadan,38.09,79.0,ANIME,2007.0,ORIGINAL
Evangelion Shin Movie: Jo,38.09,77.0,ANIME,2007.0,ORIGINAL
Stranger: Mukou Hadan,38.09,79.0,ANIME,2007.0,ORIGINAL
"Lord El-Melloi II-sei no Jikenbo: ""Rail Zeppelin"" Grace note",38.08,72.0,ANIME,2019.0,LIGHT_NOVEL
Chuunibyou demo Koi ga Shitai!,38.07,75.0,ANIME,2012.0,LIGHT_NOVEL
Hataraku Maou-sama!,38.07,75.0,ANIME,2013.0,LIGHT_NOVEL
No Game No Life,38.03,77.0,ANIME,2014.0,LIGHT_NOVEL
Subete ga F ni Naru: THE PERFECT INSIDER,38.02,68.0,ANIME,2015.0,OTHER
Urusei Yatsura OVA,38.01,71.0,ANIME,1985.0,MANGA
Sakugan,38.0,62.0,ANIME,2021.0,OTHER
Little Busters!: Refrain,37.99,80.0,ANIME,2013.0,VISUAL_NOVEL
ef: a tale of memories.,37.99,75.0,ANIME,2007.0,VISUAL_NOVEL
Fate/Grand Order: First Order,37.99,65.0,ANIME,2016.0,VIDEO_GAME
School Days (TV),37.99,49.0,ANIME,2007.0,VISUAL_NOVEL
Myself ; Yourself,37.99,66.0,ANIME,2007.0,VISUAL_NOVEL
Sagrada Reset,37.98,67.0,ANIME,2017.0,LIGHT_NOVEL
Occultic;Nine,37.98,65.0,ANIME,2016.0,LIGHT_NOVEL
Kaijuu no Kodomo,37.95,72.0,ANIME,2019.0,MANGA
BLUE GIANT,37.95,83.0,ANIME,2023.0,MANGA
Kanon (2006),37.94,76.0,ANIME,2006.0,VISUAL_NOVEL
ef: a tale of melodies.,37.94,77.0,ANIME,2008.0,VISUAL_NOVEL
Hai to Gensou no Grimgar,37.93,74.0,ANIME,2016.0,LIGHT_NOVEL
Aoi Bungaku Series,37.93,73.0,ANIME,2009.0,OTHER
Kemono no Souja Erin,37.93,80.0,ANIME,2009.0,OTHER
Fate/Apocrypha,37.93,69.0,ANIME,2017.0,LIGHT_NOVEL
Youjo Senki,37.93,77.0,ANIME,2017.0,LIGHT_NOVEL
Seitokai no Ichizon,37.91,69.0,ANIME,2009.0,LIGHT_NOVEL
Hyouka,37.87,79.0,ANIME,2012.0,LIGHT_NOVEL
Haibane Renmei,37.86,79.0,ANIME,2002.0,OTHER
Shingeki no Kyojin OVA,37.85,76.0,ANIME,2013.0,MANGA
Zankyou no Terror,37.84,78.0,ANIME,2014.0,ORIGINAL
Sora yori mo Tooi Basho,37.83,84.0,ANIME,2018.0,ORIGINAL
MEMORIES,37.82,75.0,ANIME,1996.0,MANGA
Mimi wo Sumaseba,37.82,81.0,ANIME,1995.0,MANGA
Mimi wo Sumaseba,37.82,81.0,ANIME,1995.0,MANGA
Mawaru Penguindrum,37.81,79.0,ANIME,2011.0,ORIGINAL
Ano Hi Mita Hana no Namae wo Bokutachi wa Mada Shiranai.,37.81,80.0,ANIME,2011.0,ORIGINAL
NHK ni Youkoso!,37.8,82.0,ANIME,2006.0,LIGHT_NOVEL
Appleseed,37.77,67.0,MANGA,,ORIGINAL
Yokohama Kaidashi Kikou,37.77,86.0,MANGA,,ORIGINAL
Appleseed,37.77,67.0,MANGA,,ORIGINAL
Uchuu Kyoudai,37.77,86.0,MANGA,,ORIGINAL
Higashi no Eden,37.75,74.0,ANIME,2009.0,ORIGINAL
Tenchi Muyou!,37.74,70.0,ANIME,1995.0,ORIGINAL
Nobunaga no Shinobi,37.73,67.0,ANIME,2016.0,MANGA
Kino no Tabi: the Beautiful World,37.73,81.0,ANIME,2003.0,LIGHT_NOVEL
Shiki,37.71,75.0,ANIME,2010.0,OTHER
Katte ni Kaizou,37.7,65.0,ANIME,2011.0,MANGA
Ookami to Koushinryou,37.68,80.0,ANIME,2008.0,LIGHT_NOVEL
Tonari no Totoro,37.66,80.0,ANIME,1988.0,ORIGINAL
Tonari no Totoro,37.66,80.0,ANIME,1988.0,ORIGINAL
Cardcaptor Sakura Movie,37.64,74.0,ANIME,1999.0,MANGA
Another,37.64,70.0,ANIME,2012.0,LIGHT_NOVEL
Overlord,37.62,76.0,ANIME,2015.0,LIGHT_NOVEL
Kara no Kyoukai: Tsuukaku Zanryuu,37.59,77.0,ANIME,2008.0,OTHER
Fuujin Monogatari,37.58,71.0,ANIME,2004.0,ORIGINAL
Gankutsuou,37.58,79.0,ANIME,2004.0,OTHER
Fate/EXTRA Last Encore,37.55,61.0,ANIME,2018.0,VIDEO_GAME
Metropolis,37.53,73.0,ANIME,2001.0,MANGA
Metropolis,37.53,73.0,ANIME,2001.0,MANGA
Saint☆Onii-san,37.51,75.0,ANIME,2013.0,MANGA
Saint☆Onii-san,37.51,75.0,ANIME,2013.0,MANGA
Saint☆Onii-san,37.51,75.0,ANIME,2013.0,MANGA
Katanagatari,37.48,82.0,ANIME,2010.0,LIGHT_NOVEL
Durarara!!,37.48,79.0,ANIME,2010.0,LIGHT_NOVEL
Little Busters!,37.44,71.0,ANIME,2012.0,VISUAL_NOVEL
Megalo Box,37.42,77.0,ANIME,2018.0,ORIGINAL
Re:CREATORS,37.42,73.0,ANIME,2017.0,ORIGINAL
Jigoku Shoujo,37.4,71.0,ANIME,2005.0,ORIGINAL
Goku Sayonara Zetsubou Sensei,37.38,76.0,ANIME,2008.0,MANGA
Satsuriku no Tenshi,37.38,67.0,ANIME,2018.0,VIDEO_GAME
Kuuchuu Buranko,37.38,76.0,ANIME,2009.0,OTHER
SLAM DUNK,37.38,83.0,ANIME,1993.0,MANGA
Soukou Kihei Votoms,37.37,75.0,ANIME,1983.0,ORIGINAL
HELLSING OVA,37.35,81.0,ANIME,2006.0,MANGA
Yojouhan Shinwa Taikei,37.33,85.0,ANIME,2010.0,OTHER
NARUTO Shinden Series (2015),37.33,82.0,MANGA,,MANGA
NARUTO Shinden Series (2015),37.33,82.0,MANGA,,MANGA
SHIROBAKO,37.32,82.0,ANIME,2014.0,ORIGINAL
Metallic Rouge,37.29,70.0,ANIME,2024.0,ORIGINAL
Metallic Rouge,37.29,70.0,ANIME,2024.0,ORIGINAL
Tsuritama,37.29,73.0,ANIME,2012.0,ORIGINAL
Metallic Rouge,37.29,70.0,ANIME,2024.0,ORIGINAL
91Days,37.24,76.0,ANIME,2016.0,ORIGINAL
Phantom: Requiem for the Phantom,37.24,75.0,ANIME,2009.0,VISUAL_NOVEL
Higurashi no Naku Koro ni Kai,37.23,79.0,ANIME,2007.0,VISUAL_NOVEL
Dennou Coil,37.23,78.0,ANIME,2007.0,ORIGINAL
Biorg Trinity,37.22,67.0,MANGA,,
Eve no Jikan Movie,37.19,77.0,ANIME,2010.0,ORIGINAL
Rurouni Kenshin: Meiji Kenkaku Romantan - Tsuioku-hen,37.19,85.0,ANIME,1999.0,MANGA
Eve no Jikan Movie,37.19,77.0,ANIME,2010.0,ORIGINAL
PSYCHO-PASS,37.19,81.0,ANIME,2012.0,ORIGINAL
Ergo Proxy,37.18,76.0,ANIME,2006.0,ORIGINAL
Higurashi no Naku Koro ni,37.18,75.0,ANIME,2006.0,VISUAL_NOVEL
Noein: Mou Hitori no Kimi e,37.18,71.0,ANIME,2005.0,ORIGINAL
Ergo Proxy,37.18,76.0,ANIME,2006.0,ORIGINAL
Kaiba,37.18,79.0,ANIME,2008.0,ORIGINAL
NARUTO (2024),37.17,,ANIME,,
NARUTO (2024),37.17,,ANIME,,
Zombie Land Saga: Revenge,37.16,79.0,ANIME,2021.0,ORIGINAL
Muv-Luv Alternative,37.09,53.0,ANIME,2021.0,VISUAL_NOVEL
D_CIDE TRAUMEREI THE ANIMATION,37.09,53.0,ANIME,2021.0,OTHER
Ace wo Nerae!,37.08,69.0,ANIME,1973.0,MANGA
Shingeki no Kyojin: Chronicle,37.06,76.0,ANIME,2020.0,MANGA
Shelter,37.04,80.0,ANIME,,ORIGINAL
Genjitsu Shugi Yuusha no Oukoku Saikenki,37.04,71.0,ANIME,2021.0,LIGHT_NOVEL
Cowboy Bebop,37.03,86.0,ANIME,1998.0,ORIGINAL
Yoru no Yatterman,37.02,61.0,ANIME,2015.0,ORIGINAL
Juuni Kokuki,37.01,77.0,ANIME,2002.0,LIGHT_NOVEL
Full Metal Panic!,37.01,72.0,ANIME,2002.0,LIGHT_NOVEL
Kill la Kill,36.99,79.0,ANIME,2013.0,ORIGINAL
Kono Yo no Hate de Koi wo Utau Shoujo YU-NO,36.99,61.0,ANIME,2019.0,VISUAL_NOVEL
Kurenai no Buta,36.98,78.0,ANIME,1992.0,MANGA
Kaze no Tani no Nausicaä,36.98,81.0,ANIME,1984.0,MANGA
Kaze no Tani no Nausicaä,36.98,81.0,ANIME,1984.0,MANGA
Kurenai no Buta,36.98,78.0,ANIME,1992.0,MANGA
BLOOD+,36.97,71.0,ANIME,2005.0,ORIGINAL
Utawarerumono,36.97,73.0,ANIME,2006.0,VISUAL_NOVEL
Fate/Grand Order: Zettai Majuu Sensen Babylonia,36.94,78.0,ANIME,2019.0,VIDEO_GAME
NieR:Automata Ver1.1a,36.93,72.0,ANIME,2023.0,VIDEO_GAME
NieR:Automata Ver1.1a,36.93,72.0,ANIME,2023.0,VIDEO_GAME
Saiki Kusuo no Ψ-nan,36.88,83.0,ANIME,2016.0,MANGA
Angel Beats!,36.88,77.0,ANIME,2010.0,ORIGINAL
Mononoke,36.87,81.0,ANIME,2007.0,ORIGINAL
AKIRA,36.86,79.0,ANIME,1988.0,MANGA
GHOST IN THE SHELL: Koukaku Kidoutai,36.86,80.0,ANIME,1995.0,MANGA
AKIRA,36.86,79.0,ANIME,1988.0,MANGA
Nazo no Kanojo X,36.86,69.0,ANIME,2012.0,MANGA
Jigoku Shoujo: Mitsuganae,36.8,72.0,ANIME,2008.0,ORIGINAL
Vanitas no Carte,36.8,78.0,ANIME,2021.0,MANGA
Mahou Shoujo Magical Destroyers,36.8,61.0,ANIME,2023.0,ORIGINAL
Mahou Shoujo Magical Destroyers,36.8,61.0,ANIME,2023.0,ORIGINAL
BUCCHIGIRI?!,36.79,72.0,ANIME,2024.0,ORIGINAL
BUCCHIGIRI?!,36.79,72.0,ANIME,2024.0,ORIGINAL
BUCCHIGIRI?!,36.79,72.0,ANIME,2024.0,ORIGINAL
Shouwa Genroku Rakugo Shinjuu,36.77,84.0,ANIME,2016.0,MANGA
Shouwa Genroku Rakugo Shinjuu: Sukeroku Futatabi-hen,36.77,87.0,ANIME,2017.0,MANGA
D.Gray-man,36.77,81.0,MANGA,,ORIGINAL
Mahoutsukai no Yome,36.77,78.0,ANIME,2017.0,MANGA
Kyoukai no Kanata,36.77,74.0,ANIME,2013.0,LIGHT_NOVEL
Shuumatsu no Harem,36.76,55.0,ANIME,2022.0,MANGA
Yu☆Gi☆Oh!,36.71,69.0,ANIME,1998.0,MANGA
Kimi no Iru Machi,36.7,64.0,ANIME,2013.0,MANGA
JIN-ROH,36.69,76.0,ANIME,2000.0,MANGA
JIN-ROH,36.69,76.0,ANIME,2000.0,MANGA
Initial D THIRD STAGE,36.69,78.0,ANIME,2001.0,MANGA
Jigoku Shoujo: Futakomori,36.62,75.0,ANIME,2006.0,ORIGINAL
Innocence,36.55,75.0,ANIME,2004.0,MANGA
Casshern Sins,36.55,73.0,ANIME,2008.0,OTHER
Innocence,36.55,75.0,ANIME,2004.0,MANGA
Tekkon Kinkreet,36.54,76.0,ANIME,2006.0,MANGA
Hells,36.54,66.0,ANIME,2008.0,MANGA
Tekkon Kinkreet,36.54,76.0,ANIME,2006.0,MANGA
Scryed,36.51,70.0,ANIME,2001.0,ORIGINAL
Seirei no Moribito,36.47,79.0,ANIME,2007.0,OTHER
ACCA: 13-ku Kansatsu-ka,36.47,75.0,ANIME,2017.0,MANGA
Maison Ikkoku,36.44,78.0,ANIME,1986.0,MANGA
Kobayashi-san Chi no Maidragon,36.44,78.0,ANIME,2017.0,MANGA
TEXHNOLYZE,36.42,77.0,ANIME,2003.0,ORIGINAL
Tengen Toppa Gurren Lagann,36.42,85.0,ANIME,2007.0,ORIGINAL
Wolf's Rain,36.42,74.0,ANIME,2003.0,ORIGINAL
Sengoku Youko,36.4,68.0,ANIME,2024.0,MANGA
Sengoku Youko,36.4,68.0,ANIME,2024.0,MANGA
Sengoku Youko,36.4,68.0,ANIME,2024.0,MANGA
Samurai Champloo,36.37,84.0,ANIME,2004.0,ORIGINAL
Kemonozume,36.37,70.0,ANIME,2006.0,ORIGINAL
Koukyoushihen Eureka Seven,36.37,77.0,ANIME,2005.0,ORIGINAL
Ping Pong THE ANIMATION,36.37,85.0,ANIME,2014.0,MANGA
Shigatsu wa Kimi no Uso,36.37,84.0,ANIME,2014.0,MANGA
Natsume Yuujinchou Shi,36.34,85.0,ANIME,2012.0,MANGA
Chihayafuru,36.34,81.0,ANIME,2011.0,MANGA
Chihayafuru 2,36.34,83.0,ANIME,2013.0,MANGA
Sakamichi no Apollon,36.34,80.0,ANIME,2012.0,MANGA
Shoukoku no Altair,36.3,68.0,ANIME,2017.0,MANGA
Shoujo Shuumatsu Ryokou,36.3,81.0,ANIME,2017.0,MANGA
MASTER Keaton,36.28,73.0,ANIME,1998.0,MANGA
Zoku Natsume Yuujinchou,36.28,83.0,ANIME,2009.0,MANGA
Saraiya Goyou,36.23,75.0,ANIME,2010.0,MANGA
RAINBOW: Nisha Rokubou no Shichinin,36.23,81.0,ANIME,2010.0,MANGA
Kono Oto Tomare!,36.22,77.0,ANIME,2019.0,MANGA
SCARLET NEXUS,36.21,52.0,ANIME,2021.0,VIDEO_GAME
Platinum End,36.2,58.0,ANIME,2021.0,MANGA
Planetes,36.17,80.0,ANIME,2003.0,MANGA
MONSTER,36.12,88.0,ANIME,2004.0,MANGA
Natsume Yuujinchou,36.11,80.0,ANIME,2008.0,MANGA
GTO,36.1,84.0,ANIME,1999.0,MANGA
Nokemono-tachi no Yoru,36.09,63.0,ANIME,2023.0,MANGA
Mahoutsukai no Yome SEASON 2,36.09,77.0,ANIME,2023.0,MANGA
AI no Idenshi,36.09,64.0,ANIME,2023.0,MANGA
Mahoutsukai no Yome SEASON 2,36.09,77.0,ANIME,2023.0,MANGA
Ao no Orchestra,36.09,70.0,ANIME,2023.0,MANGA
AI no Idenshi,36.09,64.0,ANIME,2023.0,MANGA
Ao no Orchestra,36.09,70.0,ANIME,2023.0,MANGA
Tsukuyomi: MOON PHASE,36.08,64.0,ANIME,2004.0,MANGA
Yuru Camp△,36.07,81.0,ANIME,2018.0,MANGA
Hinamatsuri,36.07,80.0,ANIME,2018.0,MANGA
Sakamoto desu ga?,36.07,73.0,ANIME,2016.0,MANGA
Soul Eater,36.02,76.0,ANIME,2008.0,MANGA
Gun x Sword,36.02,69.0,ANIME,2005.0,ORIGINAL
Kyuuketsuki Sugu Shinu 2,36.01,74.0,ANIME,2023.0,MANGA
Kyuuketsuki Sugu Shinu 2,36.01,74.0,ANIME,2023.0,MANGA
Dance in the Vampire Bund,35.96,65.0,ANIME,2010.0,MANGA
BANANA FISH,35.9,83.0,ANIME,2018.0,MANGA
DRIFTERS,35.9,75.0,ANIME,2016.0,MANGA
Houseki no Kuni,35.9,83.0,ANIME,2017.0,MANGA
Barakamon,35.88,82.0,ANIME,2014.0,MANGA
Usagi Drop,35.85,81.0,ANIME,2011.0,MANGA
Kuragehime,35.84,78.0,ANIME,2010.0,MANGA
City Hunter,35.78,76.0,ANIME,1987.0,MANGA
Hokuto no Ken,35.78,76.0,ANIME,1984.0,MANGA
Nodame Cantabile,35.78,80.0,ANIME,2007.0,MANGA
Cat's♥Eye,35.78,69.0,ANIME,1983.0,MANGA
SKET DANCE,35.78,78.0,ANIME,2011.0,MANGA
Tokyo Mew Mew,35.76,68.0,ANIME,2002.0,MANGA
Peach Boy Riverside,35.74,60.0,ANIME,2021.0,MANGA
Niehime to Kemono no Ou,35.73,77.0,ANIME,2023.0,MANGA
Niehime to Kemono no Ou,35.73,77.0,ANIME,2023.0,MANGA
K-ON!,35.72,78.0,ANIME,2009.0,MANGA
DARKER THAN BLACK: Kuro no Keiyakusha,35.71,77.0,ANIME,2007.0,ORIGINAL
Jijou wo Shiranai Tenkousei ga Guigui Kuru.,35.67,73.0,ANIME,2023.0,MANGA
Jijou wo Shiranai Tenkousei ga Guigui Kuru.,35.67,73.0,ANIME,2023.0,MANGA
Hoozuki no Reitetsu,35.67,74.0,ANIME,2014.0,MANGA
Junketsu no Maria,35.67,68.0,ANIME,2015.0,MANGA
Haikyuu!!,35.67,83.0,ANIME,2014.0,MANGA
Shokugeki no Souma,35.67,79.0,ANIME,2015.0,MANGA
Danshi Koukousei no Nichijou,35.64,80.0,ANIME,2012.0,MANGA
Gin no Saji,35.64,79.0,ANIME,2013.0,MANGA
Kuroko no Basket,35.64,78.0,ANIME,2012.0,MANGA
Nichijou,35.64,83.0,ANIME,2011.0,MANGA
Uchuu Kyoudai,35.64,83.0,ANIME,2012.0,MANGA
Eizouken ni wa Te wo Dasu na!,35.64,80.0,ANIME,2020.0,MANGA
Dark Gathering,35.63,74.0,ANIME,2023.0,MANGA
Sousou no Frieren,35.63,90.0,ANIME,2023.0,MANGA
Sousou no Frieren,35.63,90.0,ANIME,2023.0,MANGA
Sousou no Frieren,35.63,90.0,ANIME,2023.0,MANGA
Ouran Koukou Host Club,35.61,80.0,ANIME,2006.0,MANGA
Hajime no Ippo: New Challenger,35.58,85.0,ANIME,2009.0,MANGA
Zan Sayonara Zetsubou Sensei,35.58,77.0,ANIME,2009.0,MANGA
Chobits,35.58,70.0,ANIME,2002.0,MANGA
Natsu no Arashi!,35.58,68.0,ANIME,2009.0,MANGA
Kimi ni Todoke,35.58,79.0,ANIME,2009.0,MANGA
Kobato.,35.58,76.0,ANIME,2009.0,MANGA
Hajime no Ippo: THE FIGHTING!,35.58,86.0,ANIME,2000.0,MANGA
Tasogare Otome x Amnesia,35.57,74.0,ANIME,2012.0,MANGA
K-ON!!,35.53,82.0,ANIME,2010.0,MANGA
Bakuman.,35.53,79.0,ANIME,2010.0,MANGA
Seitokai Yakuindomo,35.53,73.0,ANIME,2010.0,MANGA
WORKING!!,35.53,74.0,ANIME,2010.0,MANGA
Arakawa Under the Bridge,35.53,74.0,ANIME,2010.0,MANGA
Fruits Basket: The Final,35.51,90.0,ANIME,2021.0,MANGA
Gintama°,35.5,91.0,ANIME,2015.0,MANGA
Noragami,35.5,78.0,ANIME,2014.0,MANGA
Gintama',35.49,89.0,ANIME,2011.0,MANGA
Hachimitsu to Clover,35.48,76.0,ANIME,2005.0,MANGA
School Rumble,35.48,76.0,ANIME,2004.0,MANGA
Majin Tantei Nougami Neuro,35.47,71.0,ANIME,2007.0,MANGA
Zetsuen no Tempest,35.47,76.0,ANIME,2012.0,MANGA
Hidamari Sketch,35.47,73.0,ANIME,2007.0,MANGA
xxxHOLiC,35.47,76.0,ANIME,2006.0,MANGA
Mirai Nikki,35.47,68.0,ANIME,2011.0,MANGA
Kingdom,35.47,73.0,ANIME,2012.0,MANGA
Magi: The labyrinth of magic,35.47,78.0,ANIME,2012.0,MANGA
Sayonara Zetsubou Sensei,35.47,76.0,ANIME,2007.0,MANGA
Lovely★Complex,35.47,78.0,ANIME,2007.0,MANGA
Magi: The kingdom of magic,35.47,81.0,ANIME,2013.0,MANGA
Yuu☆Yuu☆Hakusho,35.44,82.0,ANIME,1992.0,MANGA
Zoku Sayonara Zetsubou Sensei,35.42,77.0,ANIME,2008.0,MANGA
Skip Beat!,35.42,77.0,ANIME,2008.0,MANGA
Kanojo ga Koushaku-tei ni Itta Riyuu,35.41,75.0,ANIME,2023.0,MANGA
Skip to Loafer,35.41,81.0,ANIME,2023.0,MANGA
Kanojo ga Koushaku-tei ni Itta Riyuu,35.41,75.0,ANIME,2023.0,MANGA
Kubo-san wa Mob wo Yurusanai,35.41,75.0,ANIME,2023.0,MANGA
Yamada-kun to Lv999 no Koi wo Suru,35.41,79.0,ANIME,2023.0,MANGA
Ishuzoku Reviewers,35.41,72.0,ANIME,2020.0,MANGA
Yamada-kun to Lv999 no Koi wo Suru,35.41,79.0,ANIME,2023.0,MANGA
Fruits Basket: 1st Season,35.41,82.0,ANIME,2019.0,MANGA
Koori Zokusei Danshi to Cool na Douryou Joshi,35.41,72.0,ANIME,2023.0,MANGA
Megami no Café Terrace,35.41,71.0,ANIME,2023.0,MANGA
Megami no Café Terrace,35.41,71.0,ANIME,2023.0,MANGA
Kubo-san wa Mob wo Yurusanai,35.41,75.0,ANIME,2023.0,MANGA
Suki na Ko ga Megane wo Wasureta,35.41,68.0,ANIME,2023.0,MANGA
Dekiru Neko wa Kyou mo Yuuutsu,35.41,75.0,ANIME,2023.0,MANGA
Kakushigoto,35.41,78.0,ANIME,2020.0,MANGA
Dekiru Neko wa Kyou mo Yuuutsu,35.41,75.0,ANIME,2023.0,MANGA
Kaguya-sama wa Kokurasetai?: Tensaitachi no Renai Zunousen,35.41,86.0,ANIME,2020.0,MANGA
Kaguya-sama wa Kokurasetai: Tensaitachi no Renai Zunousen,35.41,83.0,ANIME,2019.0,MANGA
Skip to Loafer,35.41,81.0,ANIME,2023.0,MANGA
Kimetsu no Yaiba: Mugen Ressha-hen (TV),35.39,83.0,ANIME,2021.0,MANGA
Heion Sedai no Idaten-tachi,35.39,74.0,ANIME,2021.0,MANGA
ARIA The ORIGINATION,35.35,86.0,ANIME,2008.0,MANGA
One Outs,35.35,81.0,ANIME,2008.0,MANGA
Kimi wa Houkago Insomnia,35.33,79.0,ANIME,2023.0,MANGA
Kimi wa Houkago Insomnia,35.33,79.0,ANIME,2023.0,MANGA
Yubisaki to Renren,35.32,82.0,ANIME,2024.0,MANGA
Yubisaki to Renren,35.32,82.0,ANIME,2024.0,MANGA
Yubisaki to Renren,35.32,82.0,ANIME,2024.0,MANGA
Dororo,35.29,81.0,ANIME,2019.0,MANGA
Rokudou no Onna-tachi,35.28,61.0,ANIME,2023.0,MANGA
My Home Hero,35.28,67.0,ANIME,2023.0,MANGA
My Home Hero,35.28,67.0,ANIME,2023.0,MANGA
Undead Unluck,35.28,77.0,ANIME,2023.0,MANGA
Undead Unluck,35.28,77.0,ANIME,2023.0,MANGA
SPY×FAMILY Season 2,35.28,81.0,ANIME,2023.0,MANGA
Ousama Ranking: Yuuki no Takarabako,35.28,73.0,ANIME,2023.0,MANGA
Undead Unluck,35.28,77.0,ANIME,2023.0,MANGA
Rokudou no Onna-tachi,35.28,61.0,ANIME,2023.0,MANGA
SPY×FAMILY Season 2,35.28,81.0,ANIME,2023.0,MANGA
Ousama Ranking: Yuuki no Takarabako,35.28,73.0,ANIME,2023.0,MANGA
Majo to Yajuu,35.27,69.0,ANIME,2024.0,MANGA
Majo to Yajuu,35.27,69.0,ANIME,2024.0,MANGA
Majo to Yajuu,35.27,69.0,ANIME,2024.0,MANGA
Michiko to Hatchin,35.22,76.0,ANIME,2008.0,ORIGINAL
TRIGUN,35.2,79.0,ANIME,1998.0,MANGA
JoJo no Kimyou na Bouken: Ougon no Kaze,35.05,84.0,ANIME,2018.0,MANGA
GUNSLINGER GIRL,34.83,70.0,ANIME,2003.0,MANGA
CLAYMORE,34.82,73.0,ANIME,2007.0,MANGA
Koukaku Kidoutai: Stand Alone Complex 2nd GIG,34.78,84.0,ANIME,2004.0,MANGA
Elfen Lied,34.78,68.0,ANIME,2004.0,MANGA
Rozen Maiden: Träumend,34.78,72.0,ANIME,2005.0,MANGA
BLACK LAGOON,34.77,78.0,ANIME,2006.0,MANGA
Kuroshitsuji,34.77,72.0,ANIME,2008.0,MANGA
Gintama,34.77,85.0,ANIME,2006.0,MANGA
JoJo no Kimyou na Bouken (TV),34.43,77.0,ANIME,2012.0,MANGA
Tokyo Ghoul,33.57,75.0,ANIME,2014.0,MANGA
Initial D,33.14,82.0,ANIME,1998.0,MANGA
